rank,name,score,mumbers
73,Code Geass 反叛的鲁路修,8.3,6797
74,乒乓,8.3,3024
75,少女革命,8.3,1094
76,物怪,8.3,1771
77,水星领航员 第二季,8.3,940
78,星际牛仔 天国之扉,8.3,1501
79,皇家国教骑士团 OVA,8.3,1921
80,日常,8.3,6248
81,棋魂,8.3,2150
82,王牌投手 振臂高挥～夏日大会篇～,8.3,932
83,爆漫王。3,8.3,1841
84,瑞克和莫蒂 第二季,8.5,238
85,机器人总动员,8.3,2134
86,机动战士高达 逆袭的夏亚,8.3,819
87,FLCL,8.3,1748
88,飞跃巅峰！,8.3,1349
89,新世纪福音战士剧场版 死与新生,8.3,2562
90,龙猫,8.2,3394
91,电脑线圈,8.3,1784
92,∀高达,8.3,675
93,虫师 蚀日之翳,8.3,1263
94,太空丹迪 第二季,8.3,1121
95,水星领航员,8.3,1412
96,瑞克和莫蒂 第一季,8.4,301
49,盗梦侦探,8.4,2522
50,空之境界 第五章 矛盾螺旋,8.3,4123
51,JOJO的奇妙冒险,8.4,3112
52,百变之星,8.4,681
53,福音战士新剧场版：序,8.3,4412
54,风之谷,8.3,2612
55,银魂' 延长战,8.4,2116
56,水星领航员 OVA,8.4,541
57,数码兽大冒险,8.3,2945
58,JOJO的奇妙冒险 星尘斗士 埃及篇,8.4,1855
59,棒球英豪,8.4,952
60,四叠半神话大系,8.3,3041
61,钢之炼金术师,8.3,4039
62,攻壳机动队 S.A.C. Solid State Society,8.4,1169
63,虫师 续章 铃之雫,8.4,595
64,昭和元禄落语心中 -助六再临篇-,8.4,475
65,排球少年 第二季,8.3,1250
66,夏目友人帐 参,8.3,4568
67,永生之酒,8.3,4039
68,王牌投手 振臂高挥,8.3,1267
69,十二国记,8.3,1713
70,猎人,8.3,1896
71,哆啦A梦 大山版,8.5,322
72,哆啦A梦,8.3,1068
97,全金属狂潮 校园篇,8.2,3103
98,Heart Catch 光之美少女!,8.3,442
99,化物语,8.2,7386
100,Fate/Zero,8.2,9023
101,东京教父,8.2,1470
102,秒速5厘米,8.2,7061
103,终物语(下),8.3,474
104,回忆三部曲,8.2,956
105,来自新世界,8.2,4084
106,你的名字。,8.2,3694
107,魔法少女小圆 剧场版 [新篇] 叛逆的物语,8.2,3064
108,幸运星,8.2,5516
109,交响诗篇,8.2,1740
110,JOJO的奇妙冒险 星尘斗士,8.2,2188
111,龙珠,8.2,1899
112,宇宙兄弟,8.2,1051
113,歌牌情缘,8.2,2727
114,夏目友人帐,8.1,4880
115,监狱兔 第一季,8.2,1985
117,机动战士高达 第08MS小队,8.2,1193
118,飞跃巅峰2！,8.2,1228
119,银魂°,8.2,1345
120,白兔糖,8.1,4397
121,续 夏目友人帐,8.1,3693
25,命运石之门,8.5,8849
26,千与千寻,8.5,6058
27,蜂蜜与四叶草,8.5,2610
28,蜂蜜与四叶草II,8.5,1846
29,虫师 续章 第2期,8.5,1206
30,混沌武士,8.5,2598
31,天空之城,8.5,4062
32,水星领航员 The AVVENIRE,8.6,370
33,虫师 续章,8.5,1693
34,千年女优,8.5,2611
35,少女与战车 剧场版,8.5,1804
36,攻壳机动队2.0,8.5,1127
37,CLANNAD,8.4,6989
38,机动警察 和平保卫战,8.6,426
39,星空清理者,8.4,1343
40,排球少年 乌野高校 VS 白鸟泽学园高校,8.4,983
41,歌牌情缘2,8.4,1961
42,机动战士Z高达,8.4,958
43,怪物,8.4,1192
44,魔法少女小圆,8.4,9677
45,死亡笔记,8.4,5414
46,幽灵公主,8.4,3045
47,新世纪福音战士剧场版 DEATH(TRUE)2/Air/真心为你,8.4,1560
48,机动战士高达0080 口袋里的战争,8.4,1169
1,星际牛仔,9.1,3833
2,攻壳机动队 S.A.C. 2nd GIG,9.1,2415
3,攻壳机动队 STAND ALONE COMPLEX,9.0,3136
4,新世纪福音战士,9.0,8440
5,CLANNAD ～AFTER STORY～,8.9,7261
6,银魂',8.9,6625
7,银魂,8.8,6202
8,攻壳机动队,8.9,2496
9,灌篮高手,8.8,4524
10,新世纪福音战士剧场版 Air/真心为你,8.8,3830
11,白箱,8.8,4949
12,浪客剑心 追忆篇,8.8,2041
13,虫师,8.7,4587
14,钢之炼金术师 FULLMETAL ALCHEMIST,8.7,5969
15,福音战士新剧场版：破,8.7,4806
16,银河英雄传说,8.8,726
17,水星领航员 第三季,8.6,936
18,攻壳机动队2 无罪,8.6,1909
19,猫和老鼠,8.6,1918
20,海贼王,8.6,4458
21,天元突破 红莲螺岩,8.6,3703
22,蓝色恐惧,8.6,1882
23,凉宫春日的消失,8.5,6292
24,大闹天宫,8.6,1715
122,搞笑漫画日和,8.1,3026
123,爆漫王。2,8.2,2187
124,凉宫春日的忧郁,8.1,6055
125,空之境界 第七章 杀人考察（后）,8.1,3449
127,天元突破红莲螺岩 螺岩篇,8.2,1159
129,AIR,8.1,4753
130,猎人 OVA,8.2,661
131,小马驹G4 第二季,8.4,142
132,攻壳机动队 S.A.C. SSS 3D,8.2,376
133,Code Geass 反叛的鲁路修R2,8.1,5840
134,心灵游戏,8.2,530
135,排球少年,8.1,2022
136,海马,8.2,652
137,龙与虎,8.1,6710
138,攻壳机动队 笑面男,8.2,400
139,夏目友人帐 肆,8.1,2856
140,小马驹G4 第一季,8.3,211
141,寒蝉鸣泣之时 解,8.1,3684
142,攻壳机动队 个别的十一人,8.2,374
143,黑客帝国动画版,8.1,748
144,伤物语III 冷血篇,8.2,599
145,狮子王,8.1,1248
146,穿越时空的少女,8.1,4858
147,宇宙战舰大和号2199,8.2,744
148,夏日大作战,8.1,4808
149,冰菓,8.1,7219
150,百变之星 不死鸟传说 ～蕾拉・汉密尔顿物语～,8.3,227
151,回忆积木小屋,8.2,588
152,山水情,8.3,175
153,超时空要塞 可曾记得爱,8.1,669
154,怪诞小镇 第二季,8.4,127
155,悠久之翼2,8.1,2161
156,日本动画（人）博览会,8.2,533
157,老人与海,8.3,227
158,少女革命剧场版 思春期默示录,8.2,493
159,吹响！悠风号,8.1,3760
160,欢迎加入NHK！,8.1,2319
161,小魔女DoReMi 童年秘密篇,8.6,83
162,奇诺之旅,8.1,1283
163,吊带袜天使,8.1,3253
164,黑礁 The Second Barrage,8.1,1928
165,无限的未知,8.1,639
166,寒蝉鸣泣之时,8.1,4356
167,昭和元禄落语心中,8.1,1072
168,疯狂约会美丽都,8.2,237
169,装甲骑兵VOTOMS,8.3,146
170,一拳超人,8.1,3405
171,狼的孩子雨和雪,8.1,2600
172,超时空要塞,8.1,589
173,机动战士高达 THE ORIGIN,8.1,377
174,无头骑士异闻录,8.1,6445
175,妄想代理人,8.1,1354
176,空之境界 第三章 痛觉残留,8.0,3776
177,四月是你的谎言,8.0,3696
179,勇者王GaoGaiGar Final,8.3,140
180,机动警察 OVA2,8.3,142
181,精灵守护者,8.1,764
182,空之境界 第一章 俯瞰风景,8.0,4080
183,校园迷糊大王,8.0,1736
184,龙珠Z,8.1,910
185,魔卡少女樱,8.0,3182
186,福星小子2 绮丽梦中人,8.3,125
187,交响情人梦,8.0,1388
188,蓝宝石之谜,8.1,714
189,吹响！悠风号 第二季,8.0,1865
190,机动战舰,8.1,686
191,回转企鹅罐,8.0,4711
192,DARKER THAN BLACK -黑之契约者-,8.0,4092
193,萩萩公主,8.2,198
194,麻辣教师GTO,8.1,696
195,搞笑漫画日和3,8.0,1673
196,罗小黑战记,8.1,589
197,星界的纹章,8.1,260
198,监狱兔 第4季,8.0,1068
199,小马驹G4 第四季,8.4,98
200,勇者王GaoGaiGar Final Grand Glorious Gathering,8.3,123
201,搞笑漫画日和2,8.0,1644
202,机动战士高达,8.0,1030
203,少年同盟 2,8.0,1513
204,人狼,8.0,552
205,来自深渊,8.0,580
206,悠久之翼,8.0,2498
207,星游记 第一季,8.1,517
208,3月的狮子,8.0,1300
209,太空丹迪,8.0,1496
210,向阳素描 沙英・寻 毕业篇,8.1,220
211,悠哉日常大王,8.0,3100
212,爆漫王。,8.0,3004
213,天体战士,8.0,892
214,男子高中生的日常,8.0,6102
215,魔法少女奈叶 The MOVIE 2nd A’s,8.0,769
216,秀逗魔导士NEXT,8.0,724
217,银之匙 Silver Spoon 第二季,8.0,1840
218,超时空要塞Plus,8.0,464
219,×××HOLiC◆继,8.0,1396
220,悠哉日常大王 Repeat,8.0,1776
221,夏娃的时间,8.0,1471
222,宇宙骑士BLADE,8.1,381
223,机动警察,8.0,348
224,最终流放,8.0,1216
225,红猪,8.0,1338
226,银之匙 Silver Spoon,8.0,2555
227,机动战舰 -The prince of darkness-,8.0,508
228,赌博默示录,8.0,1317
229,夏娃的时间 剧场版,8.0,1452
230,JOJO的奇妙冒险 不灭钻石,8.0,1195
231,交响情人梦Finale,8.0,952
232,灵异E接触,7.9,2424
233,银魂剧场版 完结篇 万事屋永不落,8.0,1608
234,降世神通：最后的气宗 第三季,8.1,262
235,银魂 JUMP动画巡回展 2005,8.0,533
236,我们仍未知道那天所看见的花的名字。,7.9,8855
237,黑礁,8.0,2258
238,重金属摇滚双面人,8.0,440
239,超智游戏,8.0,670
240,月色真美,8.0,1664
241,月刊少女野崎君,7.9,5387
242,疯狂动物城,8.0,1380
243,物语系列 第二季,7.9,3061
244,天体战士 第2期,8.0,603
245,少年同盟,8.0,2133
246,有顶天家族,7.9,2594
247,全金属狂潮 The Second Raid,7.9,2406
248,热带雨林的爆笑生活,7.9,1547
249,校园迷糊大王 二学期,7.9,1214
250,魔术师,8.2,123
251,猎人 OVA3,8.0,518
252,空之境界 第二章 杀人考察（前）,7.9,3639
253,魔法少女小圆 剧场版 [后篇] 永远的物语,7.9,1636
254,JOJO的奇妙冒险 幻影血脉,8.1,184
255,娜娜,7.9,1230
256,异邦人 无皇刃谭,7.9,1449
257,摇滚新乐团,8.0,362
258,希德尼娅的骑士 第九惑星战役,7.9,1639
259,红线,8.0,628
260,降世神通：最后的气宗 第二季,8.0,254
261,苍穹之法芙娜 EXODUS,8.0,553
262,猎人 OVA2,8.0,542
263,THE BIG-O,8.0,328
264,幽游白书,8.0,918
265,怪诞小镇 第一季,8.1,168
266,银河铁道999,8.4,70
267,热带雨林的爆笑生活DELUXE,8.0,616
268,吸血鬼猎人D,8.0,634
269,机动战士高达UC,7.9,1688
270,银魂剧场版 新译红樱篇,7.9,2250
271,热带雨林的爆笑生活FINAL,8.0,598
272,天元突破红莲螺岩 红莲篇,7.9,1089
273,南方公园 第16季,8.0,217
274,侧耳倾听,7.9,1331
275,星界的战旗II,8.1,157
276,斩服少女,7.9,3548
277,TIGER &amp; BUNNY,7.9,2298
278,马男波杰克,8.1,172
279,圣母在上 第3季,8.0,292
280,斗牌传说,7.9,649
281,秀逗魔导士,7.9,888
282,战斗妖精雪风,7.9,861
284,动物朋友,7.9,1616
285,赌博默示录 破戒录篇,7.9,1210
286,神枪少女,7.9,978
287,春宵苦短，少女前进吧！,8.2,99
288,剑风传奇 黄金时代篇III 降临,7.9,615
289,四叶游戏,7.9,544
290,空之境界 未来福音,7.9,1756
291,灵能百分百,7.9,2124
292,苍穹之法芙娜 EXODUS 第2期,7.9,397
293,空之境界 第四章 伽蓝之洞,7.9,3482
294,玛丽和马克思,8.0,206
295,罗德斯岛战记,7.9,378
296,李献计历险记,7.9,1026
297,传说巨神伊迪安 发动篇,8.2,88
298,黑礁 Roberta’s Blood Trail,7.9,1346
299,猎人,7.9,1938
300,南方公园 第15季,8.0,213
301,游戏王－怪兽之决斗,7.9,1002
302,AIR夏季篇,7.9,1948
303,葫芦兄弟,7.9,1533
304,小魔女DoReMi 大合奏,8.2,100
305,猫汤,7.9,816
306,×××HOLiC,7.9,1794
307,伤物语II 热血篇,7.9,804
308,瑞克和莫蒂 第三季,8.4,54
309,剑风传奇,7.9,415
310,星界的战旗III,8.1,125
311,数码暴龙03驯兽师之王,7.9,899
312,圣母在上 春,7.9,350
313,小马驹G4 第三季,8.1,117
314,俗・再见绝望先生,7.9,1581
315,宇宙战舰大和号2199 第四章「银河边境的攻防」,8.1,130
316,来来猫,8.0,202
317,剑豪生死斗,7.9,403
318,幸运星 OVA,7.9,1799
319,向阳素描×蜂窝,7.9,421
320,搞笑漫画日和＋,7.9,1239
321,阿滋漫画大王,7.9,1113
322,全金属狂潮,7.9,2791
323,现视研2,7.8,1218
324,你看起来很好吃,7.9,1204
325,人类衰退之后,7.8,3101
326,玲音,7.9,1015
327,来来猫 第二季,8.0,182
328,哈尔的移动城堡,7.8,2725
329,凉宫春日的忧郁 2009,7.8,4758
330,此时此刻的我,7.9,573
331,南方公园 第17季,8.0,194
332,真盖塔 世界最后之日,7.9,247
333,轻音少女 剧场版,7.8,2601
334,辉夜姬物语,7.9,545
335,偶像大师,7.8,2128
336,草莓棉花糖,7.8,1631
337,元气囝仔,7.8,2020
338,降世神通：最后的气宗 第一季,7.9,319
339,希德尼娅的骑士,7.8,2107
340,铳墓,7.9,486
341,圣母在上 第4季,7.9,325
342,勇者王GaoGaiGar,8.0,195
343,好想告诉你 第二季,7.8,2289
344,再见绝望先生,7.8,2399
345,幻想万华镜 春雪异变之章,7.8,1392
346,闪电十一人,7.9,257
347,有顶天家族2,7.8,742
348,魔法少女奈叶A's,7.8,1439
349,魔法少女小圆 剧场版 [前篇] 起始的物语,7.8,1599
350,阿基拉,7.8,913
351,×××HOLiC 笼,7.8,907
352,Kanon,7.8,3024
354,魔卡少女樱 被封印的卡片,7.8,1148
355,Heart Catch光之美少女 超级时尚秀在花之都...真的吗！？,7.9,208
356,剑风传奇 黄金时代篇II 多尔多雷攻略,7.8,638
357,忏・再见绝望先生,7.8,1271
359,交响情人梦 巴黎篇,7.8,910
361,星界的战旗,8.0,182
362,轻音少女,7.8,6069
363,食灵-零-,7.8,2779
364,空之境界 未来福音 extra chorus,7.8,1274
365,机动警察 东京毁灭战,7.9,297
366,凡尔赛玫瑰,8.2,69
367,浪客剑心,7.8,1002
368,进击的巨人,7.8,6808
393,NHK15个动画短片,7.8,1048
394,南方公园 第14季,8.0,112
395,末日时在做什么？有没有空？可以来拯救吗？,7.8,1417
396,奔向地球,7.9,263
397,Go! Princess 光之美少女,7.9,164
398,心理测量者 新编集版,7.8,1040
399,小马驹G4 第五季,8.1,85
400,南方公园 第11季,8.1,83
401,日常 （ETV版）,7.8,561
402,精灵宝可梦,7.8,1392
403,刀语,7.8,2337
404,寄生兽 生命的准则,7.8,3465
405,我的英雄学院 第二季,7.8,369
406,恶魔阿萨谢尔在召唤你,7.7,2499
407,向阳素描×365,7.8,560
408,魔女宅急便,7.8,1776
409,蜡笔小新 呼风唤雨！大人帝国的反击,7.9,151
410,查理布朗和史努比,7.9,185
411,头脑特工队,7.8,392
412,心理测量者,7.7,5119
413,鲁邦三世：卡里奥斯特罗城,7.8,240
414,超时空要塞Plus 剧场版,7.9,177
415,数码暴龙大冒险 我们的战争游戏,7.8,615
416,放浪男孩,7.7,1517
417,圣母在上,7.8,495
418,战国鬼才传,7.8,341
419,境界线上的地平线 第二季,7.7,1690
420,王立宇宙军 欧尼亚米斯之翼,7.8,393
421,灌篮高手 全国制霸吧！樱木花道,7.8,287
422,南方公园 第13季,7.9,112
424,鲁邦三世 ～名为峰不二子的女人～,7.7,1010
425,草莓棉花糖 OVA 第2期,7.7,747
426,秀逗魔导士TRY,7.8,504
427,五星物语 剧场版,7.8,303
428,阿凡提的故事,7.8,849
429,翼神传说,7.8,775
430,向阳素描×365 特别篇,7.8,350
431,向阳素描×☆☆☆,7.8,525
432,金田一少年事件簿,7.8,349
433,女仆咖啡厅,7.7,1654
434,宇宙战舰大和号2199 第三章「无尽的航海」,7.9,123
435,不可思议的教室,7.8,575
436,荒川爆笑团2,7.7,2504
437,高智能方程式：SIN,7.8,230
438,×××HOLiC・笼 徒梦,7.7,684
439,花园墙外,8.1,63
440,彩虹小马：友情就是魔法,8.0,92
441,甲贺忍法帖,7.7,907
369,玉子爱情故事,7.8,1898
370,马男波杰克3,8.1,87
371,东方活动写真馆,7.9,250
372,萤火虫之墓,7.8,1610
373,狼与香辛料,7.8,3514
374,忏・再见绝望先生 番外地,7.8,497
375,相聚一刻,8.0,133
376,现视研,7.8,1478
377,好想告诉你,7.8,2962
378,东之伊甸,7.8,3167
379,狱・再见绝望先生,7.8,879
380,九色鹿,7.8,640
381,听到涛声,7.8,796
382,探险活宝 第一季,8.0,120
383,草莓棉花糖 OVA 第1期,7.8,715
384,鲁邦三世,7.9,264
385,灰羽联盟,7.8,981
386,江户盗贼团五叶,7.8,976
387,苍穹之法芙娜 RIGHT OF LEFT,7.8,521
388,马男波杰克2,8.0,100
389,宇宙战舰大和号2199 第五章「望乡的银河间空间」,8.0,115
390,黑塔利亚 第2期,7.8,1434
391,南家三姐妹 我回来了,7.8,1801
392,飞屋环游记,7.8,1293
442,天才嘉年华,7.8,360
443,名侦探柯南 贝克街的亡灵,7.7,2088
444,宣告黎明的露之歌,8.0,77
445,伪物语,7.7,4727
446,第一神拳,8.1,61
447,最终幻想VII：降临之子,7.7,2141
448,南家三姐妹,7.7,2844
449,轻音少女 第二季,7.7,4597
450,探险活宝 第五季,8.1,60
451,幻想嘉年华,7.7,2622
452,变形金刚G1,7.9,110
453,游戏王5D's,7.8,500
454,魔法使光之美少女！,7.9,124
455,剑风传奇 黄金时代篇I 霸王之卵,7.7,717
456,迷糊餐厅 第二季,7.7,2845
457,×××HOLiC 春梦记,7.7,747
458,齐木楠雄的灾难,7.7,1871
459,真实之泪,7.7,2894
460,偶像大师 剧场版 向着光辉的彼岸！,7.7,764
461,请问您今天要来点兔子吗？？,7.7,1608
462,铁臂阿童木,7.7,535
463,玉响～毕业写真～,7.8,204
464,光之美少女全明星DX3 传达到未来！连结世界☆彩虹之花！,7.8,166
465,飞跃巅峰！剧场版,7.8,228
466,萤火之森,7.7,2855
467,鼹鼠的故事,7.8,145
468,怪 ～ayakashi ～,7.7,749
469,RWBY预告片,7.7,612
470,校园迷糊大王 一学期补习,7.7,660
471,魁!!库洛马迪高校,7.8,197
472,樱桃小丸子,7.7,707
473,飞出个未来 第1季,8.0,62
474,小蝌蚪找妈妈,7.7,398
475,Flip Flappers,7.7,999
476,狼与香辛料 第二季,7.7,2482
477,棋魂～通往北斗之路～,7.7,377
478,第一神拳 New Challenger,8.0,63
479,剧场版 精灵宝可梦：超梦的逆袭,7.7,584
480,宇宙战舰大和号2199 第六章「到达！大麦哲伦」,7.9,109
481,宇宙战舰大和号2199 第七章「战舰继续前进」,7.9,94
482,荒川爆笑团,7.7,3516
483,飞跃巅峰2！剧场版,7.8,250
484,兽爪,7.7,330
485,猫怪麦克,8.0,64
486,风人物语,7.7,269
487,青之文学,7.7,1328
488,失落的宇宙,7.7,469
489,黑塔利亚 第3期,7.7,926
490,黑塔利亚 第4期,7.7,779
491,大~集合！小魔女DoReMi,7.9,88
492,DARKER THAN BLACK -黑之契约者- 外传,7.7,1884
493,贤治之春,7.9,103
494,机动战士Z高达III 星星的鼓动就是爱,7.7,258
495,城市猎人,7.8,184
496,哪吒闹海,7.7,558
497,南方公园 第18季,7.8,121
498,和巴什尔跳华尔兹,8.1,54
499,间之楔,7.7,361
500,佛兰德斯的狗,8.0,60
501,地球防卫少年,7.7,1269
502,科拉传奇 第一季：气和,7.7,241
503,钻石王牌 第二季,7.8,196
504,蜡笔小新,7.7,479
505,南方公园 第9季,8.0,61
506,银魂精选集,7.7,294
507,无敌破坏王,7.7,427
508,原罪的卡辛,7.7,258
509,机动战士Z高达 星之继承者,7.7,332
510,只有我不存在的城市,7.7,2761
511,伤物语I 铁血篇,7.7,1195
512,圣诞夜惊魂,7.7,210
513,圣斗士星矢 冥王十二宫编,7.7,744
514,北斗神拳,7.7,353
515,小魔女学园 魔法游行,7.7,869
516,他和她的故事,7.7,766
517,避难所,7.7,648
518,机动战士高达 剧场版III 相逢在宇宙,7.8,168
519,高智能方程式：ZERO,7.7,212
520,花田少年史,7.7,205
521,魔方大厦,7.7,656
522,妖精的旋律,7.7,2777
523,猫物语（黑）,7.6,2946
524,南方公园 第1季,7.8,158
525,小魔女学园,7.7,1067
526,南方公园 第3季,7.9,73
527,机动警察 EARLY DAYS,7.8,168
528,探险活宝 第三季,8.0,62
529,欢乐树伙伴,7.7,493
530,南方公园 第12季,8.0,52
531,樱兰高校男公关部,7.7,2789
532,海洋之歌,7.7,219
533,银河英雄传说 我的征途是星辰大海,8.0,67
534,探险活宝 第四季,8.0,59
535,借东西的小人阿丽埃蒂,7.6,1624
536,功夫兔与菜包狗,7.8,92
537,魔法少女奈叶 The MOVIE 1st,7.6,958
538,摇曳百合♪♪,7.6,2637
539,雪孩子,7.7,373
540,恶魔阿萨谢尔在召唤你Z,7.6,1535
541,高智能方程式：Cyber Formula 11,7.7,211
542,精神分裂症,7.7,171
543,高达创战者,7.6,891
544,小魔女学园,7.6,1886
545,向阳素描×☆☆☆ 特别篇,7.7,274
546,怪医黑杰克 OVA,7.8,105
547,世界第一初恋2,7.6,1320
548,CLANNAD 另一个世界 智代篇,7.6,2149
549,进击的巨人 第二季,7.6,1604
550,蜡笔小新 呼风唤雨！战国大合战,7.8,159
551,夏目友人帐 曾几何时下雪之日,7.7,720
552,超时空要塞7,7.7,330
553,向阳素描×SP,7.7,271
554,幻想万华镜 红雾异变之章,7.7,631
555,美妙旋律 Rainbow Live,7.9,69
556,在这世界的角落,7.7,450
557,读或死 OVA,7.7,573
558,壳中少女 燃烧,7.6,878
559,命运石之门 负荷领域的既视感,7.6,2858
560,机动战士高达0083 星尘的回忆,7.6,749
561,平成狸合战,7.6,656
562,银河铁道之夜,7.8,138
563,鲁邦三世  第一期,7.9,72
564,视线之外,7.8,127
565,甜甜私房猫 第二季,7.7,351
566,悠哉日常大王 OAD,7.6,800
567,×××HOLiC 仲夏夜之梦,7.7,809
568,福音战士新剧场版：Q,7.6,2505
569,南方公园 第7季,8.0,53
570,壳中少女 压缩,7.6,1044
571,头文字D,7.6,930
572,现视研 OVA,7.6,767
573,南方公园 第2季,7.9,71
574,犬夜叉,7.6,1643
575,高智能方程式：SAGA,7.7,194
576,妄想学生会＊,7.6,2674
577,乱马1/2,7.6,693
578,花开伊吕波 HOME SWEET HOME,7.6,1312
579,数码暴龙大冒险 滚球兽的诞生,7.6,487
580,阿松,7.6,1280
581,摸索吧！部活剧 再来一个,7.7,406
582,道子与哈金,7.6,524
583,探险活宝 第二季,7.9,69
584,幻想万华镜 华鸟风月,7.6,499
585,OTAKU的录像带,7.7,217
586,人形电脑天使心,7.6,2154
587,Fate/stay night [Unlimited Blade Works],7.6,4380
588,黑塔利亚,7.6,2003
589,西蒙,7.7,223
590,On Your Mark,7.7,406
591,妄想学生会 OAD,7.6,1768
592,南方公园 第8季,7.9,58
593,恶魔阿萨谢尔在召唤你,7.6,977
594,咱们裸熊,7.7,256
595,第四届东方M-1漫才大赛,7.7,241
596,空中杀手,7.6,1035
597,特别车队,8.0,53
598,迷糊餐厅,7.6,3272
599,机动武斗传G高达,7.6,425
600,科学超电磁炮,7.6,6105
601,空中秋千,7.6,450
602,宇宙战舰大和号2199 第一章「踏上遥远的征途」,7.7,159
603,天才麻将少女,7.6,2606
604,黑塔利亚 第5期,7.6,693
605,阿尔卑斯山的少女,7.8,88
606,黑衣警探,7.9,52
607,第三届东方M-1漫才大赛,7.8,111
608,名侦探柯南,7.6,2668
609,宇宙巡警露露子,7.6,1289
610,小魔女DoReMi ♯,7.7,131
611,蝙蝠侠：黑暗骑士归来（下）,7.8,74
612,南方公园 第4季,7.9,61
613,机动战士高达 剧场版II 哀・战士,7.7,174
614,宇宙战舰大和号2199 第二章「死战太阳系」,7.7,129
615,漆黑的射干 THE ANIMATION,7.7,203
616,奇幻旅程,7.9,59
617,逮捕令 OVA,7.8,85
618,咱们裸熊 第二季,7.8,82
619,月光旅程 -Touch down-,7.7,135
620,南方公园 第10季,7.9,60
621,星之声,7.6,1934
622,昭和元禄落语心中 OAD,7.6,350
623,岩窟王,7.6,439
624,海月姬,7.6,1042
625,少年犯之七人,7.6,695
626,少年正义联盟 第一季,7.9,63
627,飞跃巅峰！飞跃巅峰2！合体剧场版,7.7,144
628,茄子 安达鲁西亚之夏,7.7,157
629,花开伊吕波,7.6,5377
630,红白黑黄 第二季,7.6,918
631,我的青春恋爱物语果然有问题,7.6,4312
632,超时空要塞 ZERO,7.6,501
633,玩具总动员3,7.6,505
634,糖果男孩,7.6,743
635,坂道上的阿波罗,7.6,1855
636,终物语,7.6,1598
637,南方公园 第5季,7.9,58
638,父与女,7.7,119
639,妄想学生会 OVA,7.6,1376
640,水果篮子,7.6,1481
641,ZEGAPAIN,7.6,316
642,甜甜私房猫,7.6,725
643,少女与战车,7.6,2441
644,向阳素描,7.6,680
645,大都会,7.6,512
646,乐园追放 -Expelled From Paradise-,7.6,2080
647,空之境界 第六章 忘却录音,7.6,3009
648,金色的卡修,7.6,225
649,闪电十一人GO,7.7,161
650,监狱兔 第二季,7.6,485
651,空之境界,7.6,1129
652,NEW GAME!!,7.6,459
653,圣斗士星矢,7.6,966
654,祖先大人万万岁,7.8,92
655,灌篮高手 咆哮吧篮球员的灵魂！！花道和流川的灼热夏季,7.7,188
656,恋爱情结,7.6,436
657,灌篮高手 剧场版,7.6,227
658,现视研 二代目,7.6,1023
659,翼·年代记 东京默示录,7.6,656
660,飞翔的魔女,7.6,1428
661,苍之茧,7.6,541
662,剧场版 精灵宝可梦：水都的守护神 拉帝亚斯与拉帝欧斯,7.6,414
663,时光钟摆,7.8,71
664,危险调查员,7.8,59
665,中华一番！,7.6,1902
666,NO GAME NO LIFE 游戏人生,7.5,3889
667,向阳素描 特别篇,7.6,273
668,南方公园 第6季,7.8,56
669,Princess Principal,7.6,469
670,新机动战记高达W 无尽的华尔兹 剧场版,7.6,527
671,悠哉日常大王 Repeat OAD,7.6,340
672,逮捕令,7.6,639
673,亡念之扎姆德,7.6,701
674,冰雪奇缘,7.6,1359
675,月光旅程 -Lift off-,7.7,155
676,岁月的童话,7.6,547
677,东方梦想夏乡,7.6,1106
678,第六届东方M-1漫才大赛,7.7,139
679,凉宫春日酱的忧郁,7.6,2412
680,摇曳百合,7.5,3168
681,名侦探柯南 通往天国的倒数计时,7.6,1747
682,装甲骑兵 红肩队档案：野心的根源,7.8,53
683,迷糊餐厅 第三季,7.6,1489
684,编舟记,7.6,968
685,嘟嘟猫观察日记,7.6,676
686,NEW GAME!,7.5,2163
687,枪神,7.6,317
688,亚人 -冲动-,7.6,1015
689,星之梦～星之人～,7.6,465
690,日常 OAD,7.6,810
691,圣枪修女,7.6,792
692,蜡笔小新 决一胜负！逆袭的机器人爸爸,7.7,130
693,机动战士高达00,7.6,2388
694,CLANNAD ～AFTER STORY～另一个世界 杏篇,7.5,1883
695,言叶之庭,7.5,3403
696,机动战士高达 雷霆宙域,7.6,494
697,小红帽恰恰,7.7,99
698,双面骑士,7.6,275
699,科拉传奇 第三季：易,7.7,83
700,魔卡少女樱 香港之旅,7.6,951
701,头文字D Final Stage,7.6,278
702,狼雨,7.6,523
703,天才嘉年华BEYOND,7.6,218
704,妄想学生会＊ OAD,7.6,647
705,落叶,7.6,323
706,大雄的天方夜譚,7.7,106
707,风筝,7.6,484
708,科学超电磁炮S,7.5,4355
709,超元气三姐妹 增量中！,7.6,1044
710,鹬,7.7,96
711,记录的地平线,7.5,2202
712,苍穹之法芙娜,7.6,874
713,笨蛋，测验，召唤兽2,7.5,3777
714,犬夜叉 完结篇,7.5,1024
715,魔神英雄传,7.5,993
716,传说巨神伊迪安,7.7,81
717,男子高中生的日常 特典,7.5,669
718,壳中少女 排气,7.5,708
719,玻璃假面,7.6,149
720,鲁邦三世 次元大介的墓标,7.6,146
721,妄想学生会,7.5,3647
722,龙的牙医,7.5,862
724,龙珠改,7.6,527
725,哆啦A梦：伴我同行,7.5,688
726,机动战士Z高达II 恋人们,7.6,246
727,忍者乱太郎 1期,7.6,397
728,监狱兔 第5季,7.6,428
729,哆啦A梦：新大雄与铁人兵团,7.6,209
730,精灵宝可梦 起源,7.5,586
731,老人Z,7.6,327
732,猫屎一号,7.5,815
733,钢之炼金术师 香巴拉的征服者,7.5,1587
734,僵尸新娘,7.5,721
735,同级生,7.6,345
736,空之境界 终章 空之境界,7.5,2222
737,夏目友人帐 陆,7.5,485
738,海贼王 强者世界,7.5,625
739,福星小子,7.6,126
740,监狱兔 第三季,7.5,444
741,我的邻居山田君,7.6,315
742,美少女战士Sailor Stars,7.6,218
743,空之境界 Remix,7.5,344
744,宇宙战舰大和号,7.7,71
745,Angel Beats!,7.5,6804
746,白熊咖啡馆,7.5,2109
747,恶童,7.5,419
748,跟班×服务,7.5,1307
749,精灵宝可梦 太阳&amp;月亮,7.6,149
750,明日的娜嘉,7.6,114
751,人鱼之森,7.5,319
752,妄想学生会＊ OVA,7.5,682
753,海绵宝宝第一季,7.5,405
754,怪鸭历险记,7.6,149
755,gdgd妖精s,7.6,159
756,头文字D Fourth Stage,7.5,390
757,超译百人一首 歌之恋,7.5,852
758,钢之炼金术师 PREMIUM COLLECTION,7.5,385
759,颠倒的帕特玛,7.5,986
760,Little Busters! ～Refrain～,7.5,1260
761,第七届东方M-1漫才大赛,7.6,118
762,灌篮高手 湘北最大的危机！燃烧吧樱木花道,7.6,196
763,随风舞月影兰,7.6,124
764,奇诺之旅 活着的目标 -life goes on.-,7.5,331
765,驯龙高手,7.5,683
766,阿拉蕾,7.5,450
767,小魔女DoReMi,7.6,180
768,咕噜咕噜魔法阵 心跳传说,7.6,138
769,最终兵器彼女,7.5,1036
770,猫的报恩,7.5,1507
771,世界第一初恋 OAD,7.5,703
772,心灵链环,7.5,2441
773,摇曳百合 3☆High!,7.5,1122
774,翡翠森林狼与羊,7.5,241
775,悲惨世界 少女柯塞特,7.6,110
776,噬魂师,7.5,2009
777,全金属狂潮 TSR OVA 战队长悠闲的一天,7.5,1195
778,哈哈镜花缘,7.6,92
779,银河天使Z,7.6,80
780,玩偶游戏,7.6,123
781,女子落语,7.5,1862
782,奇诺之旅 塔之国 -Free Lance-,7.5,342
783,恶魔阿萨谢尔在召唤你 路西法篇,7.5,571
784,宇宙星路,7.6,152
785,濑户的花嫁,7.5,1905
786,摸索吧！部活剧 第三期,7.5,287
787,我的英雄学院,7.5,1391
788,起风了,7.5,1105
789,信长协奏曲,7.5,592
790,机动战士高达 剧场版Ⅰ,7.5,181
791,森林好小子,7.6,143
792,素描本,7.5,282
793,凯尔斯的秘密,7.6,94
794,棒球大联盟 第一季,7.6,115
795,棒球大联盟 第五季,7.6,80
796,云之彼端，约定的地方,7.5,2337
797,剧场版 快要坏掉的八音盒,7.5,1092
798,冬之蝉,7.5,202
799,STAR DRIVER 闪亮的拓人,7.5,1690
800,萌菌物语,7.5,993
801,飙速宅男,7.5,871
802,夏目友人帐 伍,7.5,783
803,魔力女管家,7.5,591
804,天才麻将少女 全国篇,7.5,1635
805,哆啦A梦07剧场版：大雄的新魔界大冒险之7个魔法师,7.5,185
806,大魔法峠,7.5,393
807,纸人,7.5,240
808,为美好的世界献上祝福！ 第二季,7.5,1878
809,光之美少女全明星DX 大家是朋友☆奇迹的全员大集合！,7.6,120
810,苍穹之法芙娜 HEAVEN AND EARTH,7.5,433
811,大雄与铁人兵团,7.6,149
812,天空战记,7.5,202
813,KERORO军曹,7.5,762
814,快要坏掉的八音盒,7.5,1346
815,侦探歌剧 少女福尔摩斯 第二幕,7.5,562
816,TIGER &amp; BUNNY -The Rising-,7.5,238
817,美妙天堂 第二期,7.7,52
818,忍者杀手 特别编辑版,7.5,266
819,黄金宝贝,7.5,181
820,魔神坛斗士,7.5,377
821,暗杀教室 第二季,7.5,1276
822,我们这一家,7.7,66
823,世界第一初恋,7.5,1925
824,舒克和贝塔,7.5,844
825,ReLIFE,7.5,1488
826,再见绝望先生 Blu-ray BOX化纪念话,7.6,93
827,打，打个大西瓜,7.5,465
828,河童之夏,7.5,475
829,真魔神 突击！Z篇,7.6,105
830,尸鬼,7.5,2388
831,BLAME!,7.5,466
832,大剑,7.5,1723
833,超元气三姐妹,7.5,1239
834,安倍桥魔法☆商店街,7.5,335
835,南方公园 第19季,7.5,111
836,Concrete Revolutio 超人幻想,7.5,1255
837,不可思议的教室 OVA,7.7,55
838,剧场版 希德尼娅的骑士,7.5,364
839,火鸟,7.6,102
840,舞动青春,7.5,285
841,Concrete Revolutio 超人幻想 THE LAST SONG,7.5,862
842,我的青春恋爱物语果然有问题 续,7.4,2935
843,奇诺之旅 疾病之国 -For You-,7.5,518
844,妖精的尾巴,7.5,1995
845,西游记,7.5,479
846,咕噜咕噜魔法阵,7.5,176
847,出包王女Darkness OAD,7.5,667
848,调酒师,7.5,357
849,装甲骑兵 最后的红肩队,7.7,55
850,我在伊朗长大,7.6,110
851,Daicon4 开幕动画,7.6,88
852,蝙蝠侠 黑暗骑士归来（上）,7.6,83
853,美妙天堂,7.6,104
854,ID-0,7.5,622
855,Smile 光之美少女！,7.5,283
856,东方PVD,7.5,125
857,高智能方程式,7.5,445
858,第八届东方M-1漫才大赛,7.6,66
859,少女与战车 这次是真正的安齐奥战！,7.5,854
860,Little Busters! EX,7.5,659
861,幻影死神,7.6,82
862,英国恋物语艾玛,7.5,145
863,剧场版 银河机攻队Majestic Prince 觉醒的基因,7.6,67
864,魔力女管家～更美丽的事物～,7.5,386
865,银魂.,7.5,423
866,枪神 Badlands Rumble,7.5,273
867,翼·年代记 春雷记,7.5,489
868,鬼妈妈,7.6,76
869,偶像活动 第一年,7.5,177
870,魔神英雄传2,7.5,567
871,监狱学园,7.4,2151
872,女子落 OAD,7.5,519
873,海贼王 强者世界 前传,7.5,440
874,悲伤的贝拉多娜,7.5,95
875,新机动战记高达W 无尽的华尔兹,7.5,211
876,红白黑黄,7.4,1654
877,幻想万华镜 泡沫、哀伤的桃源,7.5,206
878,Fresh 光之美少女！,7.5,147
879,星界的断章 诞生,7.6,69
880,两人是光之美少女,7.5,202
881,剧场版 精灵宝可梦：梦幻的精灵宝可梦  洛奇亚爆诞,7.5,374
882,恐怖宠物店,7.5,628
883,南家三姐妹 久候多时,7.4,716
884,大雄的日本诞生,7.5,124
885,游戏王 The Dark Side of Dimensions,7.5,196
886,为美好的世界献上祝福！,7.4,2774
887,第五届东方M-1漫才大赛,7.5,114
888,意外的幸运签,7.4,951
889,未来日记,7.4,5605
890,超时空要塞Frontier,7.4,2302
891,玉响～more aggressive～,7.4,499
892,光之美少女 Max Heart 雪空的朋友,7.6,67
893,精灵宝可梦 超世代,7.5,369
894,南家三姐妹 饭后甜点,7.4,790
895,机动警察 十三号废弃物,7.5,178
896,来自风平浪静的明天,7.4,2386
897,魔法少女奈叶,7.4,1583
898,装甲骑兵 佩鲁森档案,7.6,68
899,棒球大联盟 第二季,7.5,90
900,伊里野的天空、UFO的夏天,7.4,828
901,库拉乌 幻之记忆,7.5,204
902,我的女神 OVA,7.5,173
903,头文字D Second Stage,7.4,479
904,最游记RELOAD 埋葬篇,7.5,94
905,怪医黑杰克,7.5,116
906,雇工人生,7.5,133
907,鲁邦三世 意大利游戏,7.5,75
908,机动战士高达 雷霆宙域 DECEMBER SKY,7.5,94
909,凹凸世界,7.6,52
910,超能勇士,7.5,218
911,旋风管家,7.4,2497
912,京骚戏画,7.4,1528
913,只有神知道的世界 女神篇,7.4,2002
914,棒球大联盟 第六季,7.5,80
915,Yes! 光之美少女5 镜之国的奇迹大冒险!,7.5,86
916,哆啦A梦 大雄的猫狗时空传,7.5,159
917,吸血姬美夕,7.5,171
918,鸦 -KARAS-,7.4,785
919,gdgd妖精s 第2季,7.5,125
920,DARKER THAN BLACK -流星的双子-,7.4,2678
921,麦兜故事,7.5,171
922,圣哥传 OAD,7.4,431
947,巴哈姆特之怒 VIRGIN SOUL,7.4,277
948,战勇。第2期,7.4,1021
949,火球 魅力之章,7.4,372
950,魔法少女奈叶StrikerS,7.4,1154
951,龙与虎 OVA 便当的精髓,7.4,1460
952,濑户的花嫁OVA,7.4,619
953,烤焦面包,7.5,68
954,火球,7.4,357
955,宝石宠物 Sunshine,7.6,56
956,大雄与梦幻三剑士,7.5,116
957,钻石王牌,7.4,497
958,苍蓝钢铁的琶音 Cadenza,7.4,503
959,黑猫警长,7.4,824
960,人间失格 剧场版,7.5,123
961,交响情人梦 OAD,7.4,265
962,精灵宝可梦：世代,7.5,133
963,怪盗Joker2,7.5,59
964,和殿下一起～眼罩之野心～,7.4,365
965,大雄的魔界大冒险,7.4,132
966,邋遢大王奇遇记,7.4,577
967,南家三姐妹 夏日假期,7.4,468
968,游戏王,7.4,582
969,剧场版∀高达II 月光蝶,7.5,126
970,Re：从零开始的异世界生活,7.4,3887
971,通灵王,7.4,872
972,迷你偶像 2期,7.4,225
973,UN-GO episode: 0 因果论,7.4,704
974,暴力宇宙海贼,7.4,996
975,玉响～hitotose～,7.4,1095
976,AIURA,7.4,1094
977,正义联盟：闪点悖论,7.5,53
978,第二届东方M-1漫才大赛,7.5,58
979,你所期望的永远,7.4,745
980,终极蜘蛛侠 第一季,7.5,78
981,棒球大联盟 第四季,7.5,78
982,哆啦A梦：大雄的恐龙 2006,7.4,296
983,伊克西翁传说DT,7.4,1337
984,第一神拳 Rising,7.5,85
985,钢铁神兵B'T-X,7.4,442
986,鬼灯的冷彻,7.4,1637
987,回忆中的玛妮,7.4,294
988,星之梦,7.4,1414
989,秦时明月之诸子百家,7.4,492
990,美少女战士SuperS,7.4,152
991,某个旅人的日记,7.4,148
992,Yes! 光之美少女5 GO GO! 糖果王国的快乐生日,7.5,73
993,棒球大联盟 第三季,7.5,87
994,青之花,7.4,635
923,校园迷糊大王 三学期,7.4,623
924,灰与幻想的格林姆迦尔,7.4,1563
925,银河天使,7.5,130
926,精灵宝可梦XY,7.4,402
927,迷糊女战士,7.5,80
928,魍魉之匣,7.4,930
929,王者天下 第二季,7.5,99
930,血界战线,7.4,2216
931,网球优等生 第二季,7.5,111
932,无头骑士异闻录×2 承,7.4,2078
933,钢之炼金术师 四格剧场,7.5,220
934,第一届东方M-1漫才大赛,7.6,58
935,HELLO 黄金拼图,7.4,856
936,东京糖衣巧克力,7.4,594
937,东京地震8.0,7.4,1515
938,玉响,7.4,853
939,大雄的创世日记,7.5,118
940,出包王女Darkness,7.4,1547
941,美少女战士S,7.4,208
942,邻座的怪同学,7.4,3575
943,舞-HiME,7.4,1256
944,美少女战士,7.4,1003
945,平衡,7.5,120
946,亚人,7.4,1835
995,东方PVD2,7.4,114
996,BLOOD 最后的吸血鬼,7.4,486
997,钓球,7.4,1440
998,机动战士高达00 第二季,7.4,2086
999,凸变英雄,7.4,201
1000,守望先锋：最后的堡垒,7.5,83
1001,兽之奏者艾琳,7.4,143
1002,死亡代理人,7.4,547
1003,吸血姬美夕 OVA,7.4,117
1004,英国恋物语艾玛 第二幕,7.4,99
1005,花物语,7.4,1487
1006,超能陆战队,7.4,732
1007,请问您今天要来点兔子吗？,7.4,2204
1008,我要上太空,7.5,55
1009,攻壳机动队 塔奇克马的日常,7.4,393
1010,新机动战记高达W,7.4,709
1011,黄金拼图,7.4,1443
1012,只有神知道的世界II,7.4,2859
1013,鲁邦三世 血烟的石川五右卫门,7.4,106
1014,旋风管家 第二季,7.4,1756
1015,爷爷的煤油灯,7.4,267
1016,樱桃小丸子,7.4,348
1017,sola,7.4,1844
1018,幻想嘉年华 Special Season,7.4,763
1019,乱马1/2 热斗篇,7.4,134
1020,凭物语,7.4,1529
1021,海贼王 绽放在寒冬的奇迹樱花,7.4,477
1022,逮捕令 第二季,7.4,252
1023,宵星传说～首鸣～,7.4,394
1024,六翼天使之声,7.4,94
1025,怪物家族,7.4,85
1026,境界线上的地平线,7.4,2374
1027,地狱少女 二笼,7.4,1331
1028,女神异闻录4,7.4,1646
1030,纯情罗曼史,7.4,1018
1031,恋爱研究所,7.4,1624
1032,超时空要塞 Dynamite 7,7.4,160
1033,红领巾侠,7.4,464
1034,麦兜菠萝油王子,7.5,52
1035,犬夜叉 穿越时空的思念,7.4,483
1036,东之伊甸 剧场版I The King of Eden,7.3,1470
1037,Fate/stay night [Unlimited Blade Works] 第二季,7.4,3665
1038,废弃公主,7.4,571
1039,下一站巨星,7.4,683
1040,夏之岚～春夏冬中～,7.4,429
1041,女神异闻录3 剧场版 第四章 重生之冬,7.4,96
1042,美少女战士R,7.4,221
1043,科学小飞侠Crowds,7.4,965
1044,守护者联盟,7.4,153
1045,十二生肖守护神,7.4,418
1046,食戟之灵,7.4,2473
1047,间之楔,7.4,295
1048,Candy☆Boy,7.4,146
1049,美少女战士R 花朵的约定,7.5,60
1050,圣斗士星矢 THE LOST CANVAS 冥王神话 第2章,7.4,322
1051,笨蛋，测验，召唤兽,7.4,4088
1052,狼雨 OVA,7.4,128
1053,银河天使A,7.5,64
1054,樱花庄的宠物女孩,7.3,3842
1055,浪客剑心 星霜篇,7.4,368
1056,雨之城,7.4,293
1057,海贼王 FILM Z,7.4,429
1058,夜勤病栋,7.4,562
1059,黑暗圣经,7.4,501
1060,玩具总动员,7.4,692
1061,机器人嘉年华,7.4,119
1062,超扯童话血多,7.4,72
1063,兰戈,7.4,113
1064,数码暴龙04无限地带,7.3,584
1065,天使特警,7.4,160
1066,笨笨森林日志,7.4,78
1067,大雄与云之王国,7.4,111
1068,火影忍者 剧场版 博人传,7.3,703
1069,Go! Princess 光之美少女：Go!Go!!豪华三合一!!!,7.5,54
1070,TARI TARI,7.3,2801
1071,结城友奈是勇者 -鹫尾须美之章- 第3章 约定,7.4,133
1072,逆转监督,7.4,386
1073,鬼平,7.4,277
1074,机动战士高达SEED,7.3,2113
1075,侵略！乌贼娘,7.3,2652
1076,双恋 Alternative,7.3,440
1077,神偷卡门,7.4,72
1078,元气少女缘结神 过去篇,7.4,160
1080,横滨购物纪行,7.4,156
1081,死或生VS最终幻想,7.4,107
1082,到另一个你的身边去,7.4,260
1083,传说巨神伊迪安 接触篇,7.4,68
1084,Front Innocent,7.3,400
1085,侦探歌剧 少女福尔摩斯 ～逆袭的少女福尔摩斯～,7.4,85
1086,家庭教师HITMAN REBORN!,7.3,1445
1087,天地无用! 魉皇鬼,7.4,60
1088,圣哥传,7.3,511
1089,圣斗士星矢 THE LOST CANVAS 冥王神话,7.3,464
1090,读或死 TV,7.3,486
1091,向山进发 第二季,7.3,495
1092,名侦探柯南 迷宫的十字路口,7.3,1585
1093,怪兽电力公司,7.3,450
1094,头文字D Third Stage,7.4,342
1095,玛利亚狂热,7.3,2083
1096,花与爱丽丝杀人事件,7.3,446
1097,咕噜咕噜魔法阵,7.4,69
1098,小林家的龙女仆,7.3,2761
1099,Smile 光之美少女！绘本里的世界都不协调！,7.4,117
1100,剧场版 精灵宝可梦超世代：梦幻与波导的勇者 路卡利欧,7.3,339
1101,飙速宅男 GRANDE ROAD,7.3,426
1102,幻灵镇魂曲,7.3,1447
1103,暴力宇宙海贼 剧场版 亚空的深渊,7.4,225
1104,食戟之灵 贰之皿,7.3,1595
1105,幻想嘉年华 EX Season,7.3,621
1106,大雄与白金迷宫,7.4,105
1107,忍者杀手,7.4,297
1108,打工吧！魔王大人,7.3,4002
1109,茄子 带着旅行箱的候鸟,7.4,112
1110,超时空要塞7 银河在呼唤我,7.4,147
1111,枪心剑刃,7.3,246
1112,海贼王 梅利特别篇 另一位伙伴的故事,7.4,78
1113,铁马少年,7.4,121
1114,卑鄙的我,7.3,677
1115,FLAG,7.3,142
1116,人生Best Ten,7.3,349
1117,鬼灯的冷彻 OAD,7.3,260
1118,Hybrid Child,7.3,328
1119,蔷薇少女,7.3,2104
1120,未来都市NO.6,7.3,3025
1121,长发公主,7.3,322
1122,我的青春恋爱物语果然有问题 续 OVA,7.3,763
1123,机动战士高达SEED HD重制版,7.3,769
1124,巴哈姆特之怒 GENESIS,7.3,1425
1125,人鱼之森,7.4,54
1126,次元舰队,7.4,74
1127,剧场版 PSYCHO-PASS 心理测量者,7.3,1025
1128,穷神,7.3,2550
1129,这个美术部有问题！,7.3,1844
1130,头文字D Fifth Stage,7.3,373
1131,月神,7.4,88
1132,驱魔少年,7.3,1215
1133,GA 艺术科美术设计班 OVA,7.3,176
1134,剧场版 精灵宝可梦超世代：七夜的许愿星 基拉祈,7.3,325
1135,蔷薇少女 梦之终结,7.3,1530
1136,和殿下一起 1分钟剧场,7.3,306
1137,战姬绝唱SYMPHOGEAR AXZ,7.4,72
1138,偶像大师 灰姑娘女孩 第2期,7.3,744
1139,旋转少女,7.3,897
1140,我的女神 剧场版,7.3,233
1141,现视研 二代目 OAD,7.3,263
1142,骷髅13,7.4,102
1143,兽兵卫忍风帖,7.3,124
1144,暖心日记,7.3,141
1145,JOJO的奇妙冒险,7.3,246
1146,青之驱魔师,7.3,4236
1147,曙光Q,7.4,83
1148,地狱少女,7.3,2045
1149,吹响！悠风号～欢迎来到北宇治高中吹奏乐部～,7.3,470
1150,中二病也要谈恋爱！,7.3,6163
1151,亲吻那片花瓣 「恋人的羁绊」,7.3,754
1152,翼神传说 多元变奏曲,7.3,246
1153,摇曳百合 夏日时光！,7.3,782
1154,错误404：你所寻找的动画不存在,7.3,248
1155,今天的五年二班 OVA,7.3,603
1156,葫芦兄弟第二部,7.3,375
1157,暴力云与送子鹳,7.3,146
1158,银河天使X,7.4,59
1159,百变之星 崭新之翼 EXTRA STAGE 不笑的公主,7.3,156
1160,天书奇谭,7.3,201
1161,光之美少女全明星DX2 希望之光☆守护彩虹宝石!,7.3,120
1162,军火女王,7.3,2386
1163,灰色的乐园,7.3,934
1164,滑头鬼之孙～千年魔京～,7.3,1976
1165,战勇。,7.3,1486
1166,天才麻将少女 阿知贺篇,7.3,1923
1167,罗德斯岛战记-英雄骑士传-,7.3,140
1168,声之形,7.3,1227
1169,复苏的天空 -救援之翼-,7.4,74
1170,铁腕巴迪 DECODE 第二季,7.3,192
1171,宇宙战舰大和号2202 爱的战士们 第一章,7.4,52
1172,Da!Da!Da!,7.4,73
1173,ACCA13区监察课,7.3,875
1174,橙路,7.3,105
1175,精灵宝可梦 钻石&amp;珍珠,7.3,256
1176,电影少女,7.3,139
1177,乐高大电影,7.3,89
1178,幻想万华镜 月于丛云花于风,7.3,180
1179,机动警察迷你版,7.4,65
1180,路人女主的养成方法,7.3,3605
1181,大雄的南海大冒险,7.3,89
1182,图书馆战争 革命之翼,7.3,418
1183,剧场版∀高达I 地球光,7.3,137
1184,魔女猎人罗宾,7.3,203
1185,新撰组异闻录-铁,7.3,552
1186,校园乌托邦 学美向前冲！,7.3,341
1187,蒸汽男孩,7.3,522
1188,幻想万华镜 花之异变之章,7.3,226
1190,海洋奇缘,7.3,81
1191,强袭魔女 剧场版,7.3,575
1192,妖怪手表,7.3,114
1193,犬夜叉 天下霸道之剑,7.3,474
1194,聪明的一休,7.3,650
1195,和我一起来画吧,7.3,124
1196,甜甜私房猫 OAD,7.4,54
1197,笨蛋，测验，召唤兽 ～祭～,7.3,1340
1198,返乡战士,7.3,183
1199,超时空要塞 Flash Back 2012,7.3,149
1200,分身战士,7.3,170
1201,.hack//Quantum,7.3,310
1202,H2 好逑双物语,7.3,72
1203,沉默的未知,7.3,118
1204,野良神 ARAGOTO,7.3,1797
1205,只有神知道的世界,7.3,3580
1206,豹头王传说,7.3,241
1207,GA 艺术科美术设计班,7.3,537
1208,蔷薇少女 序曲,7.3,855
1209,足球小将,7.3,647
1210,灼眼的夏娜,7.3,3554
1211,绝爱,7.3,192
1212,内衣办公室,7.3,241
1213,星舰驾驶员,7.3,159
